aburazemi-cry1,アブラゼミの鳴き声
airliner-pass2,飛行機の音
bike-pass,バイクの通過音1
bike-pass1 (1),バイクの通過音2
bike-pass2,バイクの通過音3
Brownnoise,ブラウンノイズ（空気感、雰囲気）
car-horn1,車のクラクション
car-idling1,車（ガゾリン車）のアイドリング音
car-pass,車の通過音
chime,学校のチャイム
cook1,煮沸音
crossing1,踏切の警告音
Crosswalk-Signal01-1(Loop),信号機の進行可能音
crow3,カラス1
crow5,カラス2
crow7,カラス3
Crowd_Talking,大勢の会話
dump-truck-idling1,車（ディーゼル車）のアイドリング音
footstep-stone,«¹i»¹j
helicopter-flight1,ヘリコプターの羽の音
higurashi-cry1,ひぐらしの鳴き声
horn2,車のクラクション２
horornis-diphone-twitter2,うぐいすの鳴き声
kitchen-knife-cut1,包丁で切る音（まな板に当たる音）
pigeon-take-off1,鳩が飛び立つ音
Railroad_Crossing-Signal01-1,踏切の警告音２
Rain-Real_Ambi01-1,雨３
rain,雨１
rain1,雨２
riverside1,川の音
suzume,雀の鳴き声
suzumushi,鈴虫の鳴き声
Thunder-Real_Ambi03-1,雷の音
Ticket_Gate-Alarm01-1(Timbre1-Flap),改札（成功）
Ticket_Gate-Beep01-01(Tone1),改札（失敗）
tsukutsukuboushi-cry1,ツクツクボウシ
VSQSE_0036_crowded_street_01,街の雑踏
VSQSE_0654_river5,川２
VSQSE_540_park_family_kids_1,公園の子供・家族
VSQSE_925_river_12,川３
walk-asphalt2,足音（アスファルト）
walk-gravel1,足音（砂利道）２
walk-snow1,足音（雪道）
バイクのアイドリング音,バイクのアイドリング音
風に揺れる木々,風に揺れる木々
